Sample,FAM,VIC
AluF2,26.14721322,37.07234253
AluF2,26.06421298,NaN
AluF2,25.99843506,35.10500078
AluF4,22.37007457,NaN
AluF4,22.03647108,NaN
AluF4,22.29743724,38.05149382
TeleF5,29.78486523,34.67575171
TeleF5,29.47831735,36.35103081
TeleF5,30.16159378,36.09242667
VatiaF6,22.29549991,NaN
VatiaF6,22.46479655,35.6915083
VatiaF6,22.06929154,35.32305165